{
  "classifier_only": {
    "macro_f1": 0.8115437980036391,
    "top1_accuracy": 0.8411575562700965,
    "per_class": {
      "apple_fresh": {
        "precision": 0.6134831460674157,
        "recall": 0.9446366782006921,
        "f1-score": 0.7438692098092643,
        "support": 289.0
      },
      "apple_rotten": {
        "precision": 0.9660194174757282,
        "recall": 0.704840613931523,
        "f1-score": 0.8150170648464163,
        "support": 847.0
      },
      "banana_fresh": {
        "precision": 0.5557522123893806,
        "recall": 0.9843260188087775,
        "f1-score": 0.7104072398190046,
        "support": 319.0
      },
      "banana_rotten": {
        "precision": 0.9780701754385965,
        "recall": 0.6117969821673526,
        "f1-score": 0.7527426160337553,
        "support": 729.0
      },
      "bellpepper_fresh": {
        "precision": 0.672645739910314,
        "recall": 0.8498583569405099,
        "f1-score": 0.7509386733416771,
        "support": 353.0
      },
      "bellpepper_rotten": {
        "precision": 0.7697368421052632,
        "recall": 0.7027027027027027,
        "f1-score": 0.7346938775510204,
        "support": 333.0
      },
      "bitter_gourd_fresh": {
        "precision": 0.9464285714285714,
        "recall": 1.0,
        "f1-score": 0.9724770642201835,
        "support": 53.0
      },
      "bitter_gourd_rotten": {
        "precision": 1.0,
        "recall": 0.8679245283018868,
        "f1-score": 0.9292929292929293,
        "support": 53.0
      },
      "carrot_fresh": {
        "precision": 0.8447592067988668,
        "recall": 0.9966577540106952,
        "f1-score": 0.9144434222631095,
        "support": 1496.0
      },
      "carrot_rotten": {
        "precision": 1.0,
        "recall": 0.5371900826446281,
        "f1-score": 0.6989247311827957,
        "support": 363.0
      },
      "cucumber_fresh": {
        "precision": 0.8875739644970414,
        "recall": 0.974025974025974,
        "f1-score": 0.9287925696594427,
        "support": 308.0
      },
      "cucumber_rotten": {
        "precision": 0.974910394265233,
        "recall": 0.8745980707395499,
        "f1-score": 0.9220338983050848,
        "support": 311.0
      },
      "mango_fresh": {
        "precision": 0.9789473684210527,
        "recall": 0.9893617021276596,
        "f1-score": 0.9841269841269841,
        "support": 94.0
      },
      "mango_rotten": {
        "precision": 0.6466165413533834,
        "recall": 0.9662921348314607,
        "f1-score": 0.7747747747747747,
        "support": 89.0
      },
      "okra_fresh": {
        "precision": 0.42857142857142855,
        "recall": 1.0,
        "f1-score": 0.6,
        "support": 21.0
      },
      "okra_rotten": {
        "precision": 0.22807017543859648,
        "recall": 0.6046511627906976,
        "f1-score": 0.33121019108280253,
        "support": 43.0
      },
      "orange_fresh": {
        "precision": 0.8021902806297057,
        "recall": 0.9057187017001546,
        "f1-score": 0.8508166969147005,
        "support": 1294.0
      },
      "orange_rotten": {
        "precision": 0.8898678414096917,
        "recall": 0.6075187969924812,
        "f1-score": 0.7220732797140303,
        "support": 665.0
      },
      "potato_fresh": {
        "precision": 0.7837837837837838,
        "recall": 0.7435897435897436,
        "f1-score": 0.7631578947368421,
        "support": 39.0
      },
      "potato_rotten": {
        "precision": 0.8854961832061069,
        "recall": 0.9789029535864979,
        "f1-score": 0.9298597194388778,
        "support": 237.0
      },
      "strawberry_fresh": {
        "precision": 0.8452380952380952,
        "recall": 1.0,
        "f1-score": 0.9161290322580645,
        "support": 71.0
      },
      "strawberry_rotten": {
        "precision": 1.0,
        "recall": 0.898876404494382,
        "f1-score": 0.9467455621301775,
        "support": 89.0
      },
      "tomato_fresh": {
        "precision": 0.9735449735449735,
        "recall": 0.8788059701492538,
        "f1-score": 0.9237527455287103,
        "support": 1675.0
      },
      "tomato_rotten": {
        "precision": 0.8698441796516957,
        "recall": 0.8518850987432675,
        "f1-score": 0.8607709750566893,
        "support": 1114.0
      }
    }
  },
  "detector": {
    "conf_0.15": {
      "overall": {
        "precision": 0.8587759796160115,
        "recall": 0.7334461041870561,
        "mAP50": 0.7885011750353098,
        "mAP50_95": 0.7661510014392344
      },
      "per_class": {
        "apple_fresh": {
          "mAP50_95": 0.8621892968928158,
          "mAP50": 0.8656633143481285,
          "precision": 0.858635127777478,
          "recall": 0.8283111703683353
        },
        "apple_rotten": {
          "mAP50_95": 0.885199407550392,
          "mAP50": 0.8862831025475368,
          "precision": 0.9095735147600803,
          "recall": 0.8470786415801966
        },
        "banana_fresh": {
          "mAP50_95": 0.5165428987422371,
          "mAP50": 0.5689964514446106,
          "precision": 0.7262955199528331,
          "recall": 0.5384615384615384
        },
        "banana_rotten": {
          "mAP50_95": 0.7210092195588474,
          "mAP50": 0.7724364038109104,
          "precision": 0.8045543015895261,
          "recall": 0.7097475107970581
        },
        "bellpepper_fresh": {
          "mAP50_95": 0.47498820531004504,
          "mAP50": 0.48865082629504725,
          "precision": 0.8350253442184705,
          "recall": 0.3696682464454976
        },
        "bellpepper_rotten": {
          "mAP50_95": 0.4325329017253309,
          "mAP50": 0.4485338741656103,
          "precision": 0.7469337943135229,
          "recall": 0.3225806451612903
        },
        "bitter_gourd_fresh": {
          "mAP50_95": 0.7073711128912368,
          "mAP50": 0.711499767861997,
          "precision": 1.0,
          "recall": 0.46106624964428383
        },
        "bitter_gourd_rotten": {
          "mAP50_95": 0.6133340566694514,
          "mAP50": 0.6325056251740463,
          "precision": 0.9199238288075808,
          "recall": 0.4444444444444444
        },
        "carrot_fresh": {
          "mAP50_95": 0.692345692948401,
          "mAP50": 0.7757659919663651,
          "precision": 0.803636069491004,
          "recall": 0.7761812208411638
        },
        "carrot_rotten": {
          "mAP50_95": 0.5598439432417621,
          "mAP50": 0.6314125259259777,
          "precision": 0.7237187801063277,
          "recall": 0.62
        },
        "cucumber_fresh": {
          "mAP50_95": 0.6551399839604253,
          "mAP50": 0.6982402800344345,
          "precision": 0.7090379723381318,
          "recall": 0.6893203883495146
        },
        "cucumber_rotten": {
          "mAP50_95": 0.8273483607259031,
          "mAP50": 0.8571487758945386,
          "precision": 0.9768523253666656,
          "recall": 0.796313199881723
        },
        "mango_fresh": {
          "mAP50_95": 0.9376666666666666,
          "mAP50": 0.9450000000000001,
          "precision": 1.0,
          "recall": 0.9216550979525195
        },
        "mango_rotten": {
          "mAP50_95": 0.9826,
          "mAP50": 0.995,
          "precision": 1.0,
          "recall": 0.9758770942822104
        },
        "okra_fresh": {
          "mAP50_95": 0.9199999999999999,
          "mAP50": 0.995,
          "precision": 1.0,
          "recall": 0.7876104412976749
        },
        "okra_rotten": {
          "mAP50_95": 0.495,
          "mAP50": 0.495,
          "precision": 0.7032607137412024,
          "recall": 0.5
        },
        "orange_fresh": {
          "mAP50_95": 0.852332587528743,
          "mAP50": 0.8758335378566728,
          "precision": 0.8332374050633983,
          "recall": 0.8023952095808383
        },
        "orange_rotten": {
          "mAP50_95": 0.8690866187719426,
          "mAP50": 0.8718627490997737,
          "precision": 0.8737556022917655,