{
  "architecture": "tf_efficientnetv2_s.in21k_ft_in1k",
  "image_size": 224,
  "class_names": [
    "apple_fresh",
    "apple_rotten",
    "banana_fresh",
    "banana_rotten",
    "bellpepper_fresh",
    "bellpepper_rotten",
    "bitter_gourd_fresh",
    "bitter_gourd_rotten",
    "carrot_fresh",
    "carrot_rotten",
    "cucumber_fresh",
    "cucumber_rotten",
    "mango_fresh",
    "mango_rotten",
    "okra_fresh",
    "okra_rotten",
    "orange_fresh",
    "orange_rotten",
    "potato_fresh",
    "potato_rotten",
    "strawberry_fresh",
    "strawberry_rotten",
    "tomato_fresh",
    "tomato_rotten"
  ],
  "split": "test",
  "macro_f1": 0.8115437980036391,
  "top1_accuracy": 0.8411575562700965,
  "per_class": {
    "apple_fresh": {
      "precision": 0.6134831460674157,
      "recall": 0.9446366782006921,
      "f1-score": 0.7438692098092643,
      "support": 289.0
    },
    "apple_rotten": {
      "precision": 0.9660194174757282,
      "recall": 0.704840613931523,
      "f1-score": 0.8150170648464163,
      "support": 847.0
    },
    "banana_fresh": {
      "precision": 0.5557522123893806,
      "recall": 0.9843260188087775,
      "f1-score": 0.7104072398190046,
      "support": 319.0
    },
    "banana_rotten": {
      "precision": 0.9780701754385965,
      "recall": 0.6117969821673526,
      "f1-score": 0.7527426160337553,
      "support": 729.0
    },
    "bellpepper_fresh": {
      "precision": 0.672645739910314,
      "recall": 0.8498583569405099,
      "f1-score": 0.7509386733416771,
      "support": 353.0
    },
    "bellpepper_rotten": {
      "precision": 0.7697368421052632,
      "recall": 0.7027027027027027,
      "f1-score": 0.7346938775510204,
      "support": 333.0
    },
    "bitter_gourd_fresh": {
      "precision": 0.9464285714285714,
      "recall": 1.0,
      "f1-score": 0.9724770642201835,
      "support": 53.0
    },
    "bitter_gourd_rotten": {
      "precision": 1.0,
      "recall": 0.8679245283018868,
      "f1-score": 0.9292929292929293,
      "support": 53.0
    },
    "carrot_fresh": {
      "precision": 0.8447592067988668,
      "recall": 0.9966577540106952,
      "f1-score": 0.9144434222631095,
      "support": 1496.0
    },
    "carrot_rotten": {
      "precision": 1.0,
      "recall": 0.5371900826446281,
      "f1-score": 0.6989247311827957,
      "support": 363.0
    },
    "cucumber_fresh": {
      "precision": 0.8875739644970414,
      "recall": 0.974025974025974,
      "f1-score": 0.9287925696594427,
      "support": 308.0
    },
    "cucumber_rotten": {
      "precision": 0.974910394265233,
      "recall": 0.8745980707395499,
      "f1-score": 0.9220338983050848,
      "support": 311.0
    },
    "mango_fresh": {
      "precision": 0.9789473684210527,
      "recall": 0.9893617021276596,
      "f1-score": 0.9841269841269841,
      "support": 94.0
    },
    "mango_rotten": {
      "precision": 0.6466165413533834,
      "recall": 0.9662921348314607,
      "f1-score": 0.7747747747747747,
      "support": 89.0
    },
    "okra_fresh": {
      "precision": 0.42857142857142855,
      "recall": 1.0,
      "f1-score": 0.6,
      "support": 21.0
    },
    "okra_rotten": {
      "precision": 0.22807017543859648,
      "recall": 0.6046511627906976,
      "f1-score": 0.33121019108280253,
      "support": 43.0
    },
    "orange_fresh": {
      "precision": 0.8021902806297057,
      "recall": 0.9057187017001546,
      "f1-score": 0.8508166969147005,
      "support": 1294.0
    },
    "orange_rotten": {
      "precision": 0.8898678414096917,
      "recall": 0.6075187969924812,
      "f1-score": 0.7220732797140303,
      "support": 665.0
    },
    "potato_fresh": {
      "precision": 0.7837837837837838,
      "recall": 0.7435897435897436,
      "f1-score": 0.7631578947368421,
      "support": 39.0
    },
    "potato_rotten": {
      "precision": 0.8854961832061069,
      "recall": 0.9789029535864979,
      "f1-score": 0.9298597194388778,
      "support": 237.0
    },
    "strawberry_fresh": {
      "precision": 0.8452380952380952,
      "recall": 1.0,
      "f1-score": 0.9161290322580645,
      "support": 71.0
    },
    "strawberry_rotten": {
      "precision": 1.0,
      "recall": 0.898876404494382,
      "f1-score": 0.9467455621301775,
      "support": 89.0
    },
    "tomato_fresh": {
      "precision": 0.9735449735449735,
      "recall": 0.8788059701492538,
      "f1-score": 0.9237527455287103,
      "support": 1675.0
    },
    "tomato_rotten": {
      "precision": 0.8698441796516957,
      "recall": 0.8518850987432675,
      "f1-score": 0.8607709750566893,
      "support": 1114.0
    }
  },
  "history": [
    {
      "epoch": 1,
      "train_loss": 1.4199071697909718,
      "val_macro_f1": 0.03064217411152474,
      "lr": 0.00015
    },
    {
      "epoch": 2,
      "train_loss": 1.0512877405448118,
      "val_macro_f1": 0.022900600165368667,
      "lr": 0.0003
    },
    {
      "epoch": 3,
      "train_loss": 0.9669536930004149,
      "val_macro_f1": 0.04905492733584529,
      "lr": 0.0003
    },
    {
      "epoch": 4,
      "train_loss": 0.9230088141128308,
      "val_macro_f1": 0.07203922250897644,
      "lr": 0.0002990568314839864
    },
    {
      "epoch": 5,
      "train_loss": 0.9043336675973945,
      "val_macro_f1": 0.08694260273035419,
      "lr": 0.0002962391868272735
    },
    {
      "epoch": 6,
      "train_loss": 0.9098723268387578,
      "val_macro_f1": 0.13903045553765267,
      "lr": 0.0002915824995462551
    },
    {
      "epoch": 7,
      "train_loss": 0.8713381965348436,
      "val_macro_f1": 0.19444793489837164,
      "lr": 0.0002851453301853628
    },
    {
      "epoch": 8,
      "train_loss": 0.8793838362354055,
      "val_macro_f1": 0.21499143335215817,
      "lr": 0.0002770086298842426
    },
    {
      "epoch": 9,
      "train_loss": 0.855640667843758,
      "val_macro_f1": 0.20784569119716326,
      "lr": 0.00026727472237020447
    },
    {
      "epoch": 10,
      "train_loss": 0.8446516851129119,
      "val_macro_f1": 0.23904121668405623,
      "lr": 0.00025606601717798207
    },
    {
      "epoch": 11,
      "train_loss": 0.8478123087616064,
      "val_macro_f1": 0.2691942574252377,
      "lr": 0.00024352347027881003
    },
    {
      "epoch": 12,
      "train_loss": 0.8181839874985867,
      "val_macro_f1": 0.2290046359713237,
      "lr": 0.00022980481147730046
    },
    {
      "epoch": 13,
      "train_loss": 0.8336467390297023,
      "val_macro_f1": 0.24143306553176858,
      "lr": 0.00021508256086763368
    },
    {
      "epoch": 14,
      "train_loss": 0.8293462028636884,
      "val_macro_f1": 0.26689138261437734,
      "lr": 0.00019954185929327506
    },
    {
      "epoch": 15,
      "train_loss": 0.8231809158968258,
      "val_macro_f1": 0.25094366078311453,
      "lr": 0.00018337814009344714
    },
    {
      "epoch": 16,
      "train_loss": 0.8205580113043311,
      "val_macro_f1": 0.2575027531939782,
      "lr": 0.00016679467141549617
    },
    {
      "epoch": 17,
      "train_loss": 0.8166861082154679,
      "val_macro_f1": 0.2993719000140525,
      "lr": 0.00015
    },
    {
      "epoch": 18,
      "train_loss": 0.8040904310216734,
      "val_macro_f1": 0.278951398944429,
      "lr": 0.0001332053285845038
    },
    {
      "epoch": 19,
      "train_loss": 0.810361928763887,
      "val_macro_f1": 0.35111475608206927,
      "lr": 0.00011662185990655284
    },
    {
      "epoch": 20,
      "train_loss": 0.7924196372808694,
      "val_macro_f1": 0.3802784807390567,
      "lr": 0.00010045814070672498
    },
    {
      "epoch": 21,
      "train_loss": 0.7751109336168711,
      "val_macro_f1": 0.39166088616194067,
      "lr": 8.491743913236628e-05
    },
    {
      "epoch": 22,
      "train_loss": 0.7870508118440177,
      "val_macro_f1": 0.45877489482626205,
      "lr": 7.019518852269953e-05
    },
    {
      "epoch": 23,
      "train_loss": 0.7790205505209722,
      "val_macro_f1": 0.5382170857005345,